Judul,Kata_Kunci,Tempat
Pengaruh Gerakan Literasi Sekolah Terhadap Minat Membaca Cerita Jataka Di SMA Bhakti Karya Kecamatan Kaloran Kabupaten Temanggung,"Gerakan, Literasi, Membaca, Jataka",SMA Bhakti Karya Kecamatan Kaloran Kabupaten Temanggung
Etika Komunikasi Generasi Digital Native Pada Penggunaan Media Sosial Whatsapp,"Etika Komunikasi, Mahasiswa, Media Sosial WhatsApp",
Pengaruh Kepribadian Terhadap Kemampuan Public Speaking Mahasiswa STAB Negeri Raden Wijaya Wonogiri Jawa Tengah,"Kepribadian, Kemampuan, Public Speaking",STAB Negeri Raden Wijaya Wonogiri
Evaluasi Pembelajaran Pendidikan Kewarganegaraan Dalam Pembentukan Karakter Di Kelas 5 SD Negeri Jumo Di Masa Transisi,"Pendidikan Kewarganegaraan, evaluasi, karakter",SD Negeri Jumo
Pengembangan Media Pembelajaran Berbasis Classpoint Pada Mata Pelajaran Pendidikan Agama Buddha Materi Berdana Sekolah Dasar Di Desa Jatimulyo Kulon Progo,"Media Pembelajaran, ClassPoint, Berdana",Desa Jatimulyo Kulon Progo
Pengaruh Penggunaan Media Pembelajaran Berbasis Power Point Terhadap Motivasi Belajar Siswa Agama Buddha Di SDN Sumogawe 03 Kecamatan Getasan Kabupaten Semarang,"Media Power Point, Motivasi Belajar Siswa",SDN Sumogawe 03 Kecamatan Getasan Kabupaten Semarang
Analisis Komunikasi Interpersonal Antar Mahasiswa Lintas Agama Dalam Menjaga Hubungan Pertemanan Untuk Mewujudkan Moderasi Beragama (Studi Deskriptif Pada Mahasiswa STAB Negeri Raden Wijaya Wonogiri Jawa Tengah Angkatan 2020),"Komunikasi Interpersonal, Hubungan Pertemanan, Mahasiswa Lintas Agama, Moderasi Beragama",
Kemampuan Guru Pendidikan Agama Buddha Dalam Implementasi Kurikulum Merdeka Belajar Di SMK Negeri 2 Pengasih Kabupaten Kulon Progo,"Kurikulum Merdeka, Kemampuan Guru, Pendidikan Agama",SMK Negeri 2 Pengasih Kabupaten Kulon Progo
Pengembangan Evaluasi Pembelajaran Berbasis Aplikasi Nearpod di Sekolah Menengah Pertama Kabupaten Blitar,"Pengembangan, Evaluasi Pembelajaran, Aplikasi Nearpod",
Analisis Pemanfaatan Media Power Point Pada Mata Pelajaran IPAS Terhadap Motivasi Belajar Siswa (Tahun 2022-2023),"Media Power Point, Motivasi Belajar",
Pengembangan Flipbook Cula Nandiya Jataka Dengan Aplikasi Book Creator Sebagai Media Penyampaian Dhamma Bagi Masyarakat Buddha Vihara Giri Loka Kulon Progo,"flipbook, book creator, Dhamma",Vihara Giri Loka Kulon Progo
Upaya Meningkatkan Hasil Belajar Dalam Materi Teman Yang Baik Melalui Penerapan Metode Inkuiri Terbimbing Pada Siswa Kelas V SD Negeri Genilangit 2 Kecamatan Poncol Kabupaten Magetan,"inkuiri terbimbing, hasil belajar, pembelajaran agama Buddha",SD Negeri Genilangit 2 Kecamatan Poncol Kabupaten Magetan
Pengembangan Modul Berbasis Blended Learning Pendidikan Agama Buddha SMP Kelas VII Semester Genap Di Kabupaten,"Agama Buddha, Blended Learning, Kelas VII, Modul",SMP Kelas VII
Efektivitas Media Pembelajaran Quizizz Pada Materi Sejarah Penulisan Tripitaka Di SMP Negeri 3 Kaloran (Penelitian Eksperimen di SMP Negeri 3 Kaloran),"Quizizz, Efektivitas, Media Pembelajaran, Pendidikan Agama Buddha dan Budi pekerti.",SMP Negeri 3 Kaloran (Penelitian
Makna Simbolik Tumpengan Hari Tri Suci Waisak Sebagai Wujud Internalisasi Umat Buddha Di Vihara Metta Manggala Desa Payak Kecamatan Cluwak Kabupaten Pati,"Simbolik, Tumpengan, Waisak, Internalisasi",Vihara Metta Manggala Desa Payak Kecamatan Cluwak Kabupaten Pati
Pentingnya Literasi Digital Terhadap Motivasi dan Minat Investasi (Literature Review Tentang Robot Trading Forex di Indonesia),"Literasi Digital, Motivasi, Trading Forex, Minat Investasi.",
Analisis Manajemen Kelas Pendidikan Keagamaan Buddha Di SMP Negeri 1 Kaloran Kabupaten Temanggung,"Manajemen Kelas, Pendidikan, Agama Buddha.",SMP Negeri 1 Kaloran Kabupaten Temanggung
Faktor-Faktor Yang Mempengaruhi Minat Generasi Muda Buddhis Untuk Menjadi Penyuluh Agama Buddha Di Kabupaten Wonogiri,"Minat, Generasi Muda Buddhis, Penyuluh Agama Buddha",Kabupaten Wonogiri
Pengembangan Aplikasi Mobile Learning Pembelajaran Pendidikan Agama Buddha dan Budi Pekerti Kelas IV SD,"Mobile Learning, Pendidikan Agama Buddha dan Budi Pekerti",
Pengaruh Minat dan Dukungan Orang Tua Terhadap Keputusan Peserta Didik Beragama Buddha SMA dan SMK Kabupaten Temanggung untuk Melanjutkan ke Pendidikan Tinggi Keagamaan Buddha,"Minat, Dukungan Orang Tua, dan Keputusan",SMA dan SMK Kabupaten Temanggung
Makna Simbolik Ritual Pengambilan Air Suci Waisak Umbul Jumprit dalam Pandangan Masyarakat Buddha di Temanggung,Makna. Air Suci.Umbul Jumprit. Waisak,
Peran Gaya Komunikasi Kepemimpinan Organisasi SEKBER PMVBI Kabupaten Jepara Terhadap Produktivitas Organisasi,"Produktivitas, Organisasi, Gaya Komunikasi, Pemimpin",
Pentingnya Menanamkan Pendidikan Karakter Dalam Meningkatkan Disiplin Siswa Agama Buddha di SDN Giyono Kecamatan Jumo Kabupaten Temanggung,"Pendidikan Karakter, Disiplin Siswa, Agama Buddha, Nilai",SDN Giyono Kecamatan Jumo Kabupaten Temanggung
Perilaku Komunikasi Dalang wayang Kulit Di acara Sedekah Bumi desa Damarwulan Kecamatan Keling Kabupaten Jepara,"perilaku komunikasi, Dalang, Wayang Kulit, komunikasi verbal",
"Makna Kritik Sosial Dalam Lirik Lagu ""Generasi Rapuh"" Zima Band (Analisis Wacana Kritis Teun A. Van Dijk)","Analisis Wacana, Generasi Rapuh, Dekadensi Moral.",
Implementasi Atthasila Mahasiswa Program Studi Kepenyuluhan Buddha Dan Relevansinya Terhadap Kecerdasan Spiritual (Studi Kasus Di Sekolah Tinggi Agama Buddha Negeri Raden Wijaya),"Aṭṭhasīla, Kecerdasan Spiritual, Mahasiswa Kepenyuluhan Buddha",Sekolah Tinggi Agama Buddha Negeri Raden Wijaya
Dampak Game Online Free Fire Terhadap Pola Perilaku Dan Gaya Berbicara Pada Anak Usia 10 Sampai 12 Tahun Di Desa Damarwulan,"Game Online Free Fire, Pola Perilaku, Gaya Berbicara",Desa Damarwulan
Potensi-Potensi Wisata di Dusun Krecek Desa Getas Kabupaten Temanggung Jawa Tengah,"Potensi wisata, Dusun Krcek, media sosial",Dusun Krecek Desa Getas Kabupaten Temanggung
Analisis Pengaruh Motivasi dan Kompetensi Terhadap Kinerja Penyuluh Agama Buddha Di Kabupaten Temanggung,"Motivasi, Kompetensi, Kinerja, Penyuluh Agama Buddha",Kabupaten Temanggung
Analisis kompetensi guru dalam perencanaan pembelajaran di SDN Giling 03 Kecamatan Gunungwungkal Kabupaten Pati,"Kemampuan Guru, Rencana Pelaksanaan Pembelajaran.",SDN Giling 03 Kecamatan Gunungwungkal Kabupaten Pati
Faktor-Faktor  Rendahnya Minat Generasi Z Dalam Mengikuti Program Pelatihan Pabbajja di Desa Tlogowungu Kecamatan Kaloran Kabupaten Temanggung,"Faktor, Minat, Generasi Z, Pabbajja",Desa Tlogowungu Kecamatan Kaloran Kabupaten Temanggung
Dampak Media Sosial Tik Tok Terhadap Gaya Hidup Mahasiswa Sekolah Tinggi Agama Buddha Negeri Raden Wijaya Wonogiri Angkatan 2019,"Media Sosial, Tik Tok, Gaya Hidup",Sekolah Tinggi Agama Buddha Negeri Raden Wijaya Wonogiri
Pola Komunikasi Interpersonal Orang Tua dan anak Usia 5-10 Tahun dalam Memberikan Pola Asuh (Studi Kasus Pada Desa Bunton Jenggot RT 1 RW 2 Kabupaten Cilacap),"Pola Komunikasi, Komunikasi Interpersonal, Pola Asuh",
"Analisis Faktor-Faktor Penghambat Belajar Di Masa Transisi New Normal Di Era Akhir Pandemi Covid-19 Pendidikan Agama Buddha Kabupaten Blitar (Studi Kasus SMP Negeri 2 Ponggok, SMP Negeri 1 Sutojayan, SMP Negeri 2 Sutojayan)","Faktor Penghambat, Belajar, New Normal",
Peran Guru Kelas Dalam Pelaksanaan Bimbingan Konseling untuk Meningkatkan Motivasi Belajar Siswa (Studi Deskriptif Siswa Kelas V di SD Negeri Giyono Kecamatan Jumo Kabupaten Temanggung),"Peran Guru, Bimbingan Konseling, Motivasi Belajar",SD Negeri Giyono Kecamatan Jumo Kabupaten Temanggung
Peran Pendidikan Agama Buddha Untuk Mencegah Kenakalan Remaja di Kabupaten Ponorogo,"Pendidikan Agama Buddha, Kenakalan Remaja",Kabupaten Ponorogo
"Peran Orang Tua Dalam Membentuk Perilaku Keagamaan Remaja Pada Masyarakat Buddhis Di Desa Sodong Desa Gelangkulon, Kecamatan Sampung Kabupaten Ponorogo","Peran orang tua, Perilaku keagamaan, Remaja Buddhis","Desa Sodong Desa Gelangkulon, Kecamatan Sampung Kabupaten Ponorogo"
Upaya Penyuluh Agama Buddha dalam meningkatkan religiusitas remaja buddhis di vihara dhamasagara,,vihara dhamasagara
Pengaruh Layanan Pariwisata Terhadap Kepuasan Wisatawan Pada Objek Wisata Kebun Refugia Di Kabupaten Magetan,"Layanan, Kepuasan, Kebun Refugia",Kabupaten Magetan
Pengaruh Sarana dan Prasarana Terhadap Proses Pembelajaran Peserta Didik Pendidikan Agama Buddha di SMP N 1 Kaloran,"Sarana, Prasarana, Proses Pembelajaran",SMP N 1 Kaloran
Strategi Pengembangan Industri Pariwisata Air Terjun widuri Sebagai Daerah Tujuan Wisata di kabupaten Grobogan Jawa Tengah,"Strategi, Pengembangan, Objek Wisata Air Terjun Widuri",
Pemanfaatan Media Sosial Sebagai Media Pemasaran Online Dikalangan Mahasiswa Sekolah Tinggi Agama Buddha Negeri Raden Wijaya Wonogiri,"Media Sosial, Pemasaran Online, Media",Sekolah Tinggi Agama Buddha Negeri Raden Wijaya Wonogiri
Pengembangan Objek Wisata Alam Bledug Kuwu Sebagai Daya Tarik Wisata di Kabupaten Grobogan,"Pengembangan Bledug Kuwu, Destinasi, Tambak Garam",Kabupaten Grobogan
Pengembangan Media Pembelajaran Berbasis Google Sites Pada Pendidikan Agama Buddha Kelas VIII Di SMP Negeri 1 Cluwak,"Pengembangan, Media, Pembelajaran, Google Sites",SMP Negeri 1 Cluwak
Implementasi Pendidikan Karakter Tari Pani Goyong Sari Pada Siswa Beragama Buddha Di SMP Bina Widya Surakarta,"Implementasi, Pendidikan Karakter, Tari Pani Goyong Sari",SMP Bina Widya Surakarta
Pola Komunikasi Umat Buddha dan Komunitas Sangha (Studi Kasus di Desa Kaligentong Kecamatan Gladagsari Kabupaten Boyolali Jawa Tengah),"Pola Komunikasi, Umat Buddha, Komunitas Sangha",Desa Kaligentong Kecamatan Gladagsari Kabupaten Boyolali
Hubungan Rasa Percaya Diri dan Prestasi Siswa Masa Transisi New Normal Pembelajaran Agama Buddha Di SMP N 2 Kaloran Kabupaten Temanggung,"percaya diri, hasil belajar, agama buddha",SMP N 2 Kaloran Kabupaten Temanggung
Implementasi Nilai-Nilai Moderasi Beragama di Desa Jrahi Kecamatan Gunung Wungkal Kabupaten Pati,"Moderasi beragama, Toleransi, Penyuluh agama",Desa Jrahi Kecamatan Gunung Wungkal Kabupaten Pati
Makna dan Nilai Ritual Satu Suro Bagi Kehidupan Umat Buddha di Dusun Delen Desa Tleter,"Meaning, Value, Ritual suro Delen",Dusun Delen Desa Tleter
Persepsi Mahasiswa terhadap iklan rokok dalam bentuk poster disekitar kampus sekolah tinggi agama buddha negeri raden wijaya,"persepsi, iklan rokok, poster",sekolah tinggi agama buddha negeri raden wijaya
Optimalisasi Nilai - Nilai Pancasila Buddhis Dalam Mengatasi Perilaku Menyimpang Pada Mahasiswa Sekolah Tinggi Agama Buddha Negeri Raden Wijaya,"Nilai-Nilai, Pancasila Buddhis, Perilaku Menyimpang",Sekolah Tinggi Agama Buddha Negeri Raden Wijaya
Pengaruh Motivasi Belajar Terhadap Keaktifan Dalam Proses Perkuliahan Mahasiswa Jurusan Dharmacarya Di STABN Raden Wijaya,"Motivasi belajar, Keaktifan, Proses belajar",STABN Raden Wijaya
The Implementation Of Susi Religious Diversity and Democracy at Temple University,"Student exchange, SUSI, Keberagaman agama, demokrasi, dialog antaragama",
Makna simbol komunikasi dalam tradisi perayaan kirab malam satu suro keraton kasunanan surakarta,"Makna Simolik, Tradisi, Kirab, 1 Suro",
Nilai-Nilai Buddhisme dalam Tradisi Sedekah Bumi di Desa Ngawen Kecamatan Cluwak Kabupaten Pati Jawa Tengah,"Tradisi, Sedekah bumi, Nilai-nilai Bhuddisme",Desa Ngawen Kecamatan Cluwak Kabupaten Pati
Ritual Buddha Jawi Wisnu Dalam Perspektif Umat Buddha Theravada Di Kabupaten Banyuwangi,"Ritual, Buddha Jawa Wisnu, Buddha Theravada",Kabupaten Banyuwangi
Peran Ketua Vihara Dalam Menanamkan Nilai-Nilai Moderasi Beragama Di Desa Ngablak Kecamatan Cluwak Kabupaten Pati,"Moderasi Beragama, Toleransi, Tokoh Agama.",Desa Ngablak Kecamatan Cluwak Kabupaten Pati
Faktor-Faktor Pembentuk Karakter Siswa Beragama Buddha Di SMA Negeri 1 Donorojo,"Faktor, Karakter, Siswa beragama Buddha",SMA Negeri 1 Donorojo
Deteksi Dini Faktor-Faktor Yang Mempengaruhi Bullying Pada Siswa Sekolah Dasar,"Deteksi dini, faktor yang mempengaruhi bullying, Siswa kelas atas SD",
Strategi Gatekeeping dalam Menjaga Akurasi Berita Daring Pada Website Pemerintah Kabupaten Wonogiri,"gatekeeping, berita online, gatekeeper",
Analisis Faktor-Faktor yang Mempengaruhi Tingkat Kunjungan Wisata Di candi Gedong Songo Kabupaten Semarang,"daya tarik, sarana prasarana, pendapatan, harga, promosi.",
Etika Komunikasi Antara Mahasiswa Dan Dosen Di Media Sosial Whatsapp (Analisis Kesantunan Berbahasa Pesan Teks Mahasiswa Kepada Dosen Di Sekolah Tinggi Agama Buddha Negeri Raden Wijaya Wonogiri Jawa Tengah),"Etika Komunikasi, Kesantunan Berbahasa, Whatsapp",Sekolah Tinggi Agama Buddha Negeri Raden Wijaya Wonogiri
Kemampuan Adaptasi dan Komunikasi Mahasiswa Perantau Dalam Menghadapi Perbedaan Budaya (Studi Pada Mahasiswa Sekolah Tinggi Agama Buddha Negeri Raden Wijaya Wonogiri Jawa Tengah Tahun Akademik 2023/2024),"Kemampuan, Adaptasi budaya, Komunikasi lintas budaya",
Analisis Kemampuan Guru Dalam Implementasi Kurikulum Merdeka Belajar Di SD Negeri Sampetan Pada Mata Pelajaran Matematika,"Kurikulum Merdeka, Kemampuan Guru, Matematika.",SD Negeri Sampetan
Komunikasi Antarbudaya Etnik Jawa dan Etnik Sasak di Kalangan Mahasiswa Sekolah Tinggi Agama Buddha Negeri Raden Wijaya,"komunikasi antarbudaya, etnik Jawa, etnik Sasak",Sekolah Tinggi Agama Buddha Negeri Raden Wijaya
Analisis Sejarah dan Ritual Puja Bakti Aliran Tantrayana Zhen Fo Zhong Kasogatan Di Kecamatan Seputih Raman Kabupaten Lampung Tengah,"Sejarah, Sadhana, Tantrayana Zhen Fo Zhong Kasogatan.",Kecamatan Seputih Raman Kabupaten Lampung Tengah
Peran Manggalia Dalam Pelestarian Tradisi Dan Budaya Di Kecamatan Kaloran Kabupaten Temanggung,"Manggalia, Tradisi, Budaya",Kecamatan Kaloran Kabupaten Temanggung
Pengembangan Media Pembelajaran Berbasis Komik Digital Guna Meningkatkan Kesadaran Dampak Bullying Terhadap Self Esteem Siswa Tingkat Sekolah Dasar,"bullying, digital, komik, media, pembelajaran, sekolah dasar, self esteem",
Dampak Penggunaan Media sosial Terhadap Komunikasi Interpersonal Pada Mahasiswa (Studi Kasus Pada Mahasiswa Sekolah Tinggi Agama Buddha Negeri Raden Wijaya Wonogiri Jawa Tengah),"media sosial, Komunikasi Interpersonal, Antisipasi Dampak",
Efektivitas Penerapan Kurikulum Merdeka untuk Menumbuhkan Kreativitas Siswa Agama Buddha Di Kecamatan Kaloran Temanggung,"Kurikulum Merdeka, Kreativitas Siswa, Pendidikan Agama Buddha",Kecamatan Kaloran Temanggung
Tradisi Suran Sebagai Daya Tarik Wisata Sendang Sidhukun Desa Traji Kecamatan Parakan Kabupaten Temanggung,"tradisi suran, daya tarik wisata, wisata sendang Sidhukun",
Pengaruh Penggunaan Peer Teaching Method Terhadap Hasil Belajar Pada Mata Pelajaran IPA Siswa Kelas V SDN Tubokarto,"Metode Peer Teaching, Metode Ceramah, Hasil Belajar",SDN Tubokarto
Strategi Pengembangan Pasar Papringan Sebagai Daya Tarik Wisata Pedesaan Di Kabupaten Temanggung Jawa Tengah,"Pasar Papringan, Potensi Wisata, Strategi Pengembangan",Kabupaten Temanggung
Pengembangan Media Pembelajaran Audio Visual Berbasis canva untuk menumbuhkan kreativitas pada anak usia dini di kelompok TK SADDHAPALA JAYA,"Aplikasi Canva, Kreativitas, Media",
Upaya Meningkatkan Kemampuan Fisik Motorik Siswa Dengan Menggunakan Media Pembelajaran Berbasis Tiktok (Penelitian Tindakan Kelas di Nava Dhammasekha Saddapala Jaya Krecek),"Media TikTok, Pengembangan Fisik Motorik, Anak Usia Dini.",
Pengaruh Promosi Di Media Sosial Terhadap Keputusan Siswa SMA Negeri 1,"Promosi, Media Sosial, Keputusan Siswa",SMA Negeri 1
Komunikasi Long Distance Relationship Mahasiswa Terhadap Orang Tua Pada Sekolah Tinggi Agama Buddha Negeri Raden Wijaya Wonogiri Jawa Tengah,"komunikasi, long distance relationship, mahasiswa, orang tua",Sekolah Tinggi Agama Buddha Negeri Raden Wijaya Wonogiri
Pengaruh Media Pembelajaran Educandy Terhadap Motivasi Belajar Siswa Kelas IV Pada Mata pelajaran Pendidikan Pancasila Di SD Negeri 1 Wonoboyo,"Media, Pembelajaran, Educandy, Motivasi, Belajar, Siswa, Pendidikan, Pancasila",SD Negeri 1 Wonoboyo
Pengaruh Minat Berkunjung Wisatawan dan Aksesibilitas Terhadap Pengembangan Objek Wisata Wulenpari Gudung Kidul Yogyakarta,"Minat, Aksesibilitas, Pengembangan",
Pengembangan Media Pembelajaran Berbasis Aplikasi EMIEDU (Emi Education) Pada Materi Matematika FPB (Faktor Persekutuan Terbesar) Dan KPK (Kelipatan Persekutuan Terkecil),"Matematika, Media Pembelajaran, EmiEDU, Efektivitas",
Pola Komunikasi Orang Tua Dalam Membina Kesehatan Mental Anak Di Desa Tunahan Kecamatan Keling Kabupaten Jepara,"Pola Komunikasi, Orang Tua, Kesehatan Mental",Desa Tunahan Kecamatan Keling Kabupaten Jepara
Dampak Pengembangan Wisata Candi Gedong Songo Terhadap Perekonomian Masyarakat Desa candi Kecamatan Bandungan Kabupaten Semarang,"Candi Gendong Songo, Pengembangan, Ekonomi",
Pola Komunikasi Interpersonal Tokoh Agama dan Masyarakat Dalam Merawat Moderasi Beragama (Studi Kasus di Dusun Sodong Desa Gelangkulon Kecamatan Sampung Kabupaten Ponorogo Jawa Timur),"Komunikasi Interpersonal, Tokoh Agama, Moderasi Beragama",Dusun Sodong Desa Gelangkulon Kecamatan Sampung Kabupaten Ponorogo
Efektivitas Penerapan Metode Pembelajaran Teams Games Tournament (TGT) Menggunakan Media Flash Card Pada Mata Pelajaran Matematika Siswa Kelas IV SD Negeri Sumogawe 03,"Metode, Teams Games Tournament, Matematika",SD Negeri Sumogawe 03
Analisis Keterampilan Guru Agama Buddha Dalam Melakukan Evaluasi Pembelajaran di Sekolah Dasar (SD) Negeri 3 Sokaraja,"Keterampilan Guru, Evaluasi Pembelajaran, Pembelajaraan Agama Buddha",
"Pengaruh Komunikasi Pemasaran Model AIDA (Attention, Interest, Desire dan Action) Pada Promosi Instagram @ginastel_official Terhadap Keputusan Pembelian","Komunikasi Pemasaran, AIDA, Keputusan Pembelian",
Pengaruh Penggunaan Aplikasi Shopee dan Promosi Terhadap Keputusan Belanja Online di Kalangan Siswi SMK Negeri 1 Wonogiri,"Kemudahan, Promosi, Keputusan Belanja Online",SMK Negeri 1 Wonogiri
Potensi Pengembangan Desa Mareje Timur Sebagai Desa Wisata Di Kabupaten Lombok Barat,"potensi, pengembangan, alam, budaya, dan desa wisata",Kabupaten Lombok Barat
Pengembangan Informasi Pariwisata Di Dinas Pariwisata Wonogiri Melalui Website,"Informasi, Pariwisat q, websíte",
Pengaruh Sarana dan Prasarana Wisata Terhadap Kepuasan Wisatawan Pada Objek Wisata Wulenpari Kabupaten Gunung Kidul,"Sarana, Prasarana Wisata, Kepuasan Wisatawan, Wulenpari",
Makna Prosesi Ritual Satu Suro Dalam Agama Buddha Di Pertapan Watu Payung Temanggung,"Ritual, Satu Suro, Pertapan Watu Payung",
Akulturasi Budaya Buddhis Theravada dan Kejawen Dalam Tradisi Suronan Di Dusun Krecek Desa Getas Kecamatan Kaloran Kabupaten Temanggung,"Akulturasi, budaya, Tradisi Suronan",Dusun Krecek Desa Getas Kecamatan Kaloran Kabupaten Temanggung
Strategi Penyuluh Agama Buddha Dalam Pembentukan Karakter Remaja Buddhis Di Kecamatan Kaloran,"Strategi, Pembentukan Karakter, Penyuluh Agama Buddha, Remaja Buddhis",Kecamatan Kaloran
"Pendekatan Psikoreligi Dalam Menjaga Kesehatan Mental Umat Buddha (Studi Kasus Di Dusun Lamuk, Desa Kalimanggis, Kecamatan Kaloran, Kabupaten Temanggung)","Psikoreligi, Kesehatan Mental, Umat Buddha","Dusun Lamuk, Desa Kalimanggis, Kecamatan Kaloran, Kabupaten Temanggung"
Penerapan Relation Dialectics Theory Hubungan Antar Pribadi Mahasiswa Sekolah Tinggi Agama Buddha Negeri Raden Wijaya (Analisis Komunikasi Interpersonal),"Relational Dialectics Theory, Komunikasi Interpersonal, Mahasiswa",
Pengaruh Media Sosial Tik Tok Sebagai Media Promosi Dan Budget terhadap Pembelian Fashion Pada Mahasiswa Sekolah Tinggi Agama Buddha Negeri Raden Wijaya,"Media Sosial Tik Tok, Budget, Pembelian",Sekolah Tinggi Agama Buddha Negeri Raden Wijaya
Pengaruh Meditasi Anapanasati Terhadap Perhatian Siswa kelas IX Pada Pembelajaran Agama Buddha Di SMP Negeri 2 Keling,"Perhatian, Pembelajaran, Meditasi Anapanasati, Agama Buddha",SMP Negeri 2 Keling
Nilai-Nilai Moderasi Beragama dalam Tradisi Sedekah Bumi Kecamatan Cluwak Kabupaten Pati Jawa Tengah,"Tradisi Sedekah Bumi Desa Karangsari, Moderasi Beragama, Nilai-Nilai Buddhisme",
Analisis Penggunaan Media Sosial Tiktok untuk Menumbuhkan Semangat Siswa Sekolah Minggu Buddha Vihara Dharma Sambara Desa Gandon Kecamatan Kaloran Temanggung,"Analisis, Media Sosial Tiktok, Semangat Siswa Sekolah Minggu",Vihara Dharma Sambara Desa Gandon Kecamatan Kaloran Temanggung
Strategi Promosi Wisata Lokal Melalui Media Sosial Di Sagara View Karangbolong Kabupaten Kebumen,"strategi promosi, media sosial, wisata lokal",
Pengaruh Komunikasi Interpersonal Terhadap Emotional Quotient Mahasiswa Generasi Z Di Era Digital,"Komunikasi Interpersonal, Emotional Quotient, Mahasiswa",
Implementasi Metode Pembelajaran Inquiry Pada Materi Brahma Vihara Dalam Meningkatkan Empati Siswa di SMP Negeri 1 Keling,"Empati, Inquiry, Brahma Vihara",SMP Negeri 1 Keling
Keluarga hitta sukhaya dan implementasinya dalam pembentukan etika umat gharavasa di kabupaten jepara,"Etika Buddhis, Keluarga Hitta Sukhaya, Harmonis",
Partisipasi Masyarakat Dalam Pengembangan Wisata Embung Kledung Di Kecamatan Kledung Kabupaten Temanggung,"Partisipasi, Masyarakat, Pengembangan Wisata.",Kecamatan Kledung Kabupaten Temanggung
Efektivitas Penyuluhan Dengan Media Power Point (PPT) Terhadap Peningkatan Pengetahuan Umat Buddha Di Vihara Cipta Sarana Buddhi Wonogiri,"Penyuluhan, Media Power Point (PPT), Perjudian",Vihara Cipta Sarana Buddhi Wonogiri
Strategi Pengembangan Waduk Gajah Mungkur Sebagai Destinasi Wisata di Kabupaten Wonogiri,"Strategi, Pengembangan, Destinasi Wisata, Waduk Gajah Mungkur",Kabupaten Wonogiri
Pemanfaatan Media Pembelajaran Berbasis Aplikasi Canva Pada Materi Puja Bakti Agama Buddha Kelas V di Sekolah Dasar (SD) Negeri 010 Samarinda Kota,"Media Pembelajaran, Canva, Guru",
Analisis Strategi Pengembangan Objek Wisata Bukit Cinta Di Kabupaten Semarang,"pengembangan, objek wisata Bukit Cinta, daya tarik",Kabupaten Semarang
Analisis Keterampilan Siswa Dalam Membaca Melalui Kartu Kata Bergambar Kelas 2 SD Kanisius Baturetno Wonogiri,"Penelitian Tindakan Kelas (PTK), Team Games Tournament (TGT), Kartu Kata Bergambar",SD Kanisius Baturetno Wonogiri
Pengaruh Gerakan Literasi Sekolah Terhadap Minat Baca Pada Siswa Kelas V SD Kanisius Wonogiri,"Gerakan, Literasi, Sekolah, Minat, Baca",SD Kanisius Wonogiri
Pengaruh Fasilitas dan Kualitas Pelayanan Terhadap Kepuasan Pelanggan di Laras Asri Resort and SPA Kota Salatiga,"fasilitas, kualitas pelayanan, kepuasan pelanggan",
Strategi Promosi Pariwisata Melalui Media Sosial Dalam Meningkatkan Pengunjung Pada Objek Wisata Goa Resi Kabupaten Wonogiri,"Pariwisata, Strategi Promosi, Media Sosial.",
Strategi Pengembangan Objek Wisata Benteng Pendem Dalam Meningkatkan Kunjungan Wisatawan Di Kabupaten Cilacap,"Wisata Benteng Pendem, Stratgi Pengembangan, Wisatawan, Kajian Kualitatif.",Kabupaten Cilacap
Kajian Ketoprak Moderasi Beragama Wahyu Dwijo Aji Kemenag Kabupaten Temanggung Sebagai Media Pesan Pembangunan Keumatan,"Ketoprak, Moderasi, Pembangunan",
Modal sosial dalam memperkuat moderasi beragama (studi kerukunan umat buddha di vihara loka dhamma santi temanggung),"Modal Sosial, Moderasi beragama, Kerukunan",vihara loka dhamma santi temanggung
Analisis peran guru pendidikan agama buddha dalam implementasi kurikulum merdeka di SMP 1 Mandiraja,"Kurikulum Merdeka, Implementasi, Peran Guru",SMP 1 Mandiraja
Penguatan Pendidikan Karakter Melalui Pembelajaran Bahasa Indonesia di Sekolah Dasar,"Penguatan Pendidikan Karakter, Pembelajaran Bahasa Indonesia",
Pengaruh Model Pembelajaran Discovery Learning Terhadap Hasil Belajar Siswa Pada Mata Pelajaran IPAS Kelas V SD,"Discovery Learning, Hasil Belajar, IPAS",
Makna Simbolik Sesajen Tradisi Ceblok Dalam Perspektif Umat Buddha Desa Kalimanggis Kecamatan Kaloran Kabupaten Temanggung,"Makna simbolik, Sesaji, Tradisi Ceblok, Perspektif agama Buddha",
Pengaruh Media Sosial Tik Tok dan Instagram Terhadap Gaya Hidup Mahasiswa STAB Negeri Raden Wijaya Wonogiri Jawa Tengah,"Tik Tok, Instagram, Gaya Hidup",STAB Negeri Raden Wijaya Wonogiri
Analisis Kemampuan Guru Dalam Mengimplementasikan Kurikulum Merdeka Di SD Negeri 03 Getas Pada Mata Pelajaran Ilmu Pengetahuan Alam dan Sosial,"Kemampuan, Guru, Implementasi, Kurikulum Merdeka, Mata Pelajaran IPA, SD 03 Getas",SD Negeri 03 Getas
Dampak Media Sosial Tiktok Terhadap Perilaku Sopan Santun Remaja di Desa Kalimanggis,"TikTok, Perilaku Sopan Santun, Remaja",Desa Kalimanggis
Makna Simbolik Pengambilan Tirta Suci Pada Hari Raya Waisak di Desa Jatimulyo,"Raya Waisak, Tirta Suci, Makna Simbolik, Tradisi, Keyakinan",Desa Jatimulyo
Peran Komunikasi Intrapersonal Terhadap Self-Love Guna Menjaga Kesehatan Mental (Studi Kasus pada Remaja Buddhis di Vihara,"komunikasi intrapersonal, self-love, kesehatan mental",
Peran Tokoh Agama Buddha Dalam Penyampaian Dhamma Melalui Media Pertunjukan Wayang Orang Di Dusun Lamuk Desa Kali Manggis Kecamatan Kaloran Kabupaten Temanggung,"Tokoh Agama, Wayang Orang Dan Ajaran Buddha.",Dusun Lamuk Desa Kali Manggis Kecamatan Kaloran Kabupaten Temanggung
Strategi Pengembangan Desa Wisata Melalui Peningkatan Sumber Daya Manusia Desa Wisata Nglinggo Kabupaten Kulon Progo,"Pariwisata, Strategi Pengembangan, Desa Wisata, Sumber Daya Manusia Pengelola.",
Penguatan Pendidikan Karakter Melalui Gerakan Literasi Membaca di SD Bendosari,"Pengutan Pendidikan Karakter, Melalui Gerakan, Literasi, Membaca",SD Bendosari
Pemanfaatan Media Sosial Instagram Bagi Komunitas Ruang Edit,"Media Sosial, Instagram, Komunitas Ruang Edit",
Strategi Pengembangan Desa Wisata Paranggupito Melalui Pengelolaan Homestay,"Strategi, Pengembangan, Desa wisata, Homestay",
Analisis Penerapan Metode Pembelajaran Berbasis Karya Wisata dalam Meningkatkan Semangat Belajar Sekolah Minggu Buddha Sariputta,"Karya Wisata, Pembelajaran, Sekolah Minggu Buddha, Semangat Belajar",
Analisis Semiotika Komunikasi Roland Barthes Terhadap Problematika Kesetaraan Gender Dalam Film Gadis Kretek,"Semiotika, Roland Barthes, Film “Gadis Kretek”, Kesetaraan Gender",
Implementasi Tradisi Merti Desa Sebagai Wujud Bhakti dan Saddha Pada Umat Buddha Di Desa Kalimanggis Kecamatan Kaloran,"Tradisi, Bhakti dan Saddha, Umat Buddha",Desa Kalimanggis Kecamatan Kaloran
Makna Simbolik dan Nilai-Nilai Kesenian Jaran Kepang Wahyu Kridho Budoyo Di Dusun Lamuk Desa Kalimanggis Kecamatan Kaloran Kabupaten Temanggung (Analisis Semiotika Model Roland Barthes),"simbolik, Jaran Kepang, Tari",Dusun Lamuk Desa Kalimanggis Kecamatan Kaloran Kabupaten Temanggung (Analisis Semiotika Model Roland Barthes
Analisis Dampak Pemberian Reward Terhadap Motivasi Belajar Dalam Proses Pembelajaran Bahasa Inggris Kelas 4 SD Kanisius Wonogiri,"Pembelajaran, motivasi belajar, reward, bahasa inggris",SD Kanisius Wonogiri
Strategi Pengembangan Wisata Alam Hutan Mangrowe Kulon Progo Yang Ramah Lingkungan,"Pariwisata, Strategi Pengembangan, Hutan Mangrowe, Wisata Alam.",
"Pengaruh Attraction, Accessibility, Amenity, Ancillary Terhadap Kepuasan Wisatawan Dalam Berkunjung Ke Wisata Bukit Cinta Ambarawa","Attraction, Accessibility, Amenity, Ancillary",
Kontribusi CV. Mahkota Borobudur Pada Pengembangan Candi Borobudur Sebagai Wisata Religi,"Kontribusi, Pengembangan, Candi Borobudur, Wisata Religi",
Pengaruh Media Sosial Instagram Terhadap Gaya Hidup Konsumtif Remaja Putri Dusun Mlangse Kidul Desa Tubokarto Kecamatan Pracimantoro Wonogiri,"Media Sosial, Instagram, Gaya Hidup Konsumtif, Remaja Putri",
Komunikasi Politik Pada Pemilihan Presiden Indonesia Tahun 2024: Analisis Wacana Jingle Kampanye Prabowo-Gibran,"Komunikasi politik, jingle kampanye, analisis wacana, pemilihan presiden, prabowo-Gibran",
Makna sesajen dalam tradisi sedekah bumi dan relevansinya dengan konsep pattidana (studi kasus di desa tunahan kecamatan keling kabupaten jepara),"Makna, Sesajen, Sedekah Bumi, Pattidana",desa tunahan kecamatan keling kabupaten jepara
Analisis Komunikasi Persuasif Pengguna Aplikasi Tiktok Terhadap Perilaku Konsumtif Remaja di Dusun Godang Desa Karangsari Kecamatan Cluwak,"Komunikasi Persuasif, Aplikasi Tiktok, Perilaku Konsumtif Remaja",Dusun Godang Desa Karangsari Kecamatan Cluwak
Analisis Strategi Komunikasi Pemasaran dan Engagement Terhadap Minat Konsumen Melalui TikTok Pada Akun @infokulinerpati’,"Strategi komunikasi pemasaran, engagement, minat konsumen",
Strategi Membangun Personal Branding Prabowo-Gibran Melalui Konten Digital Marketing pada Pemilu Presiden Tahun 2024,"personal branding, Prabowo-Gibran, digital marketing, kampanye, politik, pemilu 2024.",
Pengembangan Modul Digital Kepenyuluhan Buddha,"Modul digital, Kepenyuluhan, Umat Buddha",
Komparasi Model Kepemimpinan Toyotomi Hideyoshi dan Ainz pada Animasi Overlord (Season IV) dalam Sudut Pandang Gibson,"kepemimpinan, Toyotomi Hideyoshi, Ainz Ooal Gown, anime Overlord, teori atribusi Gibson.",
Sinergi Forum Kerukunan Umat Beragama (FKUB) dan Forum Pemuda Lintas Agama (FPLA) dalam Mewujudkan Moderasi Beragama di Kabupaten Kulon Progo,"Sinergi, FKUB, FPLA, Moderasi Beragama",Kabupaten Kulon Progo
Rebranding dan Pemasaran OBI Belt Ecoprint Belaco Melalui Program Studi Independen Lacorre untuk Meningkatkan Ekspor Indonesia,"Rebranding, Obi Belt Ecoprint Belaco, zipper lock, PT Lacorre
Loka Maya.",
Pengaruh Student Enggagement Terhadap Comunication Skill Mahasiswa Pada Himpunan Jurusan Dharmaduta Sekolah Tinggi Agama Buddha Negeri Raden Wijaya,"Keterlibatan Mahasiswa, Keterampilan Komunikasi, Dharmaduta, Mahasiswa",Sekolah Tinggi Agama Buddha Negeri Raden Wijaya
Strategi Personal Branding Febriana P Devi (@fbreeana) Melalui Platform Lemon8 Dalam Membangun Citra Sebagai Fashion Influencer di Era Digital,"Personal branding, Influencer, Fashion, Lemon8.",
Pengaruh Komunikasi Interpersonal Terhadap Keberhasilan Negosiasi Antara Penjual dan Pembeli di Pasar Tradisional Wonogiri,"komunikasi interpersonal, pasar tradisional, Negosiasi",
Motivational Factors And Learning Enthusiasm: A Multi-Level Analysis In Buddhist Sunday Schools In Wonogiri Regency,"Student Motivation, Buddhist Education, Religious Learning, Intrinsic Motivation, Extrinsic Motivation",
Pengaruh Branding Politik Calon Gubernur Jawa Tengah Melalui Media Sosial Terhadap Persepsi Pemilih Muda di STABN Raden Wijaya Tahun 2024,"Branding Politik, Mahasiswa, Jawa Tengah",STABN Raden Wijaya
Perilaku Komunikasi Gen Z Pada Second Account di Media Instagram Studi Kasus Anggota Ikatan Mahasiswa Buddhis Universitas Sebelas Maret Surakarta,"Gen Z, media sosial, Second account",
Analisis Persepsi Konsumen Terhadap Keputusan Pembelian Brand Kecantikan Skintific Melalui Konten Influencer Tasya Farasya Di Media Sosial Tiktok,"Persepsi Konsumen, Keputusan Pembelian, TikTok, Skintific, Tasya
Farasya.",
Pengaruh Penggunaan Media Sosial Instagram Terhadap Perilaku Narsis di Kalangan Mahasiswa STABN Raden Wijaya,"Media sosial, Instagram, Perilaku narsis",STABN Raden Wijaya
Retorika Komunikasi Dalam Konten Edukasi Penyakit Menular Seksual Pada Akun Tiktok @dr.Amira.SpOG,"konten edukasi, Penyakit Menular Seksual, Retorika",
Efektivitas Model Pembelajaran Kooperatif Jigsaw dalam Meningkatkan Partisipasi Siswa Kelas Tiga pada Mata Pelajaran Pendidikan Pancasila di SDN 7 Wonogiri,"partisipasi, model pembelajaran, kooperatif jigsaw",SDN 7 Wonogiri
Menciptakan Eksportir Muda Melalui Rebranding dan Pemasaran Untuk Meningkatkan Ekspor Indonesia Pada Program Magang Studi Independen Bersertifikat Lacorre,"Sekolah Ekspor Lacorre, PT Lacorre Loka Maya (LaCorre), Digital Business Strategy, obi belt batik ecoprint.",
Analisis Pembiasaan Mindfulness dalam Mengawali Proses Pembelajaran Siswa Agama Buddha: Studi Kasus di Pusat Kegiatan Belajar Masyarakat (PKBM) Homeschooling Kusalamitra,"Pendidikan, Agama Buddha, Pembiasaan, Mindfulness",
Analisis Implementasi Pembelajaran Berdiferensiasi Pada Mata Pelajaran IPAS Kelas VI di SD Negeri 3 Getas,"Berdiferensiasi, Implementasi, IPAS, Pembelajaran",SD Negeri 3 Getas
Penerapan Model Pembelajaran Problem Based Learning Pada Materi Sayangi Seni dan Budaya Agama Buddha untuk Meningkatkan Keterampilan Komunikasi Siswa Kelas XI Pendidikan Agama Buddha di SMA N 1 Girimulyo,"Problem-Based Learning, keterampilan komunikasi, Pendidikan
Agama Buddha, Penelitian Tindakan Kelas, Seni dan Budaya Buddha.",SMA N 1 Girimulyo
"Dampak Objek Wisata Candi Mendut Terhadap Perekonomian Masyarakat Desa Mendut, Kecamatan Mungkid, Kabupaten Magelang","Candi Mendut, Masyarakat, Ekonomi, Usaha Pariwisata",
Dekonstruksi Stereotip Gender dalam Anime Jujutsu Kaisen: Representasi Perempuan di Genre Shounen,"Dekonstruksi, Stereotip Gender, Representasi Perempuan, Anime
Shounen, Jujutsu Kaisen.",
Analisis Pengembangan Pariwisata Berkelanjutan di Komplek Candi Arjuna Dieng Banjarnegara,"Pariwisata Berkelanjutan, SWOT, Komplek Candi Arjuna, Pengembangan Destinasi, Pemberdayaan Masyarakat",
Penerapan Metode Pembelajaran STEAM untuk Meningkatkan Keterampilan Berbicara Pada Mata Pelajaran Bahasa Indonesia Siswa Kelas V SD Negeri 1 Pokoh Kidul,"STEAM, keterampilan, berbicara, pembelajaran, Bahasa, Indonesia, sekolah dasar, Pembelajaran, berbasis proyek",SD Negeri 1 Pokoh Kidul
Analisis Peran Sarana dan Prasarana untuk Meningkatkan Toleransi dan Pendalaman Agama di Objek Wisata Religi Vihara Dhamma Sundara Solo,"Sarana, Prasarana, Toleransi, Pendalaman Agama, Wisata Religi, Vihara Dhamma Sundara Solo",Vihara Dhamma Sundara Solo
Gaya Komunikasi Kepemimpinan Organisasi Badan Eksekutif Mahasiswa (BEM) STAB Negeri Raden Wijaya Wonogiri Terhadap Produktivitas Organisasi,"Gaya Komunikasi, Kepemimpinan, Organisasi Mahasiswa, Produktivitas, BEM.",STAB Negeri Raden Wijaya Wonogiri
Tradisi Adat Wahyu Kliyu Sebagai Wisata Budaya dan Religi di Desa Kendal Kecamatan Jatipuro Kabupaten Karanganyar,"Tradisi, Adat, Wahyu Kliyu, Wisata Budaya dan Religi, Dampak Tradisi",Desa Kendal Kecamatan Jatipuro Kabupaten Karanganyar
Penerapan Aplikasi Duolingo untuk Meningkatkan Keaktifan Belajar Peserta Didik Pada Mata Pelajaran Bahasa Inggris Kelas IV SD Kanisius Wonogiri,"Keaktifan Belajar, Bahasa Inggris, Media Aplikasi Duolingo, Sekolah Dasar",SD Kanisius Wonogiri
Pengaruh Metode Role Playing Terhadap Pengembangan Keterampilan Kerjasama dan Komunikasi Pada Pembelajaran IPAS (Penelitian Tindakan Kelas Pada Siswa Kelas V di Sekolah Dasar Negeri 7 Wonogiri),"role playing, kerja sama, komunikasi, pembelajaran IPAS",
Penggunaan Media Pagorong untuk Membantu Meningkatkan Pemahaman Siswa pada Materi Gotong Royong Tahun Pelajaran 2024/2025 (Penelitian Pada Siswa Kelas 1 Sekolah Dasar Negeri 7 Wonogiri),"Media, Gotong Royong, Pemahaman Siswa, PPKn, Sekolah Dasar.",
Nilai - nilai edukasi melalui program magang studi Independent Bersertifikat pada PT. Laccorre,"Hammering, Steaming, dan Boiling., Bill of lading, Letter of Credit (LC), PT. LaCorre Loka Maya",
Pengembangan Media Sitasu Melalui Project Based Learning Mata Pelajaran IPAS,"Pengembangan, Media SITASU, Project Based Learning, IPAS",
Analisis Implementasi Kurikulum Merdeka Melalui Proyek Penguatan Profil Pelajar Pancasisla Kelas 4 di SD Negeri 1 Wonoboyo,"Kurikulum Merdeka, Profil Pelajar Pancasila, Implementasi
Proyek",SD Negeri 1 Wonoboyo
Strategi Pengembangan Objek Wisata Religi Masjid Gedhe Kauman Yogyakarta,"Strategi Pengembangan, Wisata religi, Masjid Gedhe Kauman
Yogyakarta, Fasilitas, Keterlibatan Masyarakat, Kajian kualitatif.",
Transformasi Fungsi Vihara Watugong Semarang Menjadi Objek Wisata Religi,"Pariwisata Religi, Transformasi Fungsi, Vihara Watugong, Dampak Ekonomi, Dampak Budaya.",Vihara Watugong Semarang Menjadi Objek Wisata Religi
Representasi Bahasa Isyarat dalam Film A Silent Voice (Analisis Gestur Tangan Terhadap Pola Komunikasi Antar Pribadi),"Film A Silent Voice, Gestur bahasa isyarat, Pola Komunikasi Antar
Pribadi.",
"Membangun Etika Komunikasi dan Sikap Toleransi Menurut Cunda Sutta (Analisis Deskriptif terhadap Peran Dharmaduta di Kecamatan Keling, Kabupaten Jepara)","Etika Komunikasi, Toleransi, Cunda Sutta, Dharmaduta","Kecamatan Keling, Kabupaten Jepara"
Pergeseran Bahasa Ngapak pada Mahasiswa Migran Sekolah Tinggi Agama Buddha Negeri Raden Wijaya Wonogiri,"Pergeseran bahasa, bahasa Jawa Ngapak, Mahasiswa migran",Sekolah Tinggi Agama Buddha Negeri Raden Wijaya Wonogiri
Pengembangan Wisata Religi Candi Plaosan Berdasarkan Storynomics Tourism,"Wisata Religi, Candi Plaosan, Storynomics Tourism, Keterlibatan Masyarakat, Destinasi Wisata",
Analisis Penguatan Pendidikan Karakter Melalui Pembiasaan Berbahasa Jawa Krama Madya di SD Kanisius Wonogiri,"Kemandirian, pembiasaan, bahasa Jawa krama madya",SD Kanisius Wonogiri
Analisis Menu Bekal Siswa di Sekolah Terhadap Konsentrasi Belajar Siswa di SD Kanisius Wonogiri,"bekal siswa, konsentrasi belajar, makanan bergizi",SD Kanisius Wonogiri
Strategi Penyuluh Agama Buddha dalam Menguatkan Saddha menurut Prinsip Misionaris Pertama Buddha di Vihara Kassapa Kabupaten Semarang,"Tantangan, Strategi, Penyuluh Agama Buddha",Vihara Kassapa Kabupaten Semarang
Studi Komparatif Praktik Keagamaan Buddha (Theravada dan Tantrayana) di Desa Candigaron,"Ibadah, Buddha, Theravada, Tantrayana, Desa Candigaron.",Desa Candigaron
Pengaruh Komunikasi Intrapersonal Terhadap Kecenderungan Overthinking Mahasiswa Tingkat Akhir (Studi pada Mahasiswa Sekolah Tinggi Agama Buddha Negeri Raden Wijaya Tahun Akademik 2024/2025),"Komunikasi, Intrapersonal, Overthinking, Mahasiswa",
Penerapan Metode Kooperatif Learning Tipe Think Pair Share untuk Meningkatkan Hasil Belajar Siswa Pada Pelajaran Agama Buddha Materi Sopan Santun di SDN Kenteng 01,"Pendidikan Agama Buddha, Hasil Belajar, Metode Kooperatif, Think Pair Share, Penelitian Tindakan Kelas",SDN Kenteng 01
Analisis dampak wisata religi candi gedong songo terhadap ekonomi masyarakat lokal desa candi kecamatan bandungan kabupaten semarang,"Wisata Religi, Candi Gedong Songo, Ekonomi Lokal, Pemberdayaan Masyarakat",
Pengembangan Media Pembelajaran Berbasis Construct 3 Pembelajaran Bahasa jawa  Pada Siswa di SDN 1 Pelem,"Media Pembelajaran, Construct 3, Bhāṣāśāstra, Aksara Jawa, ADDIE, Hasil Belajar, N-Gain",SDN 1 Pelem
Kepercayaandan Praktik Masyarakat dalam Mendukung Wisata Religi di Sendang Siwani Wonogiri,"Kepercayaan, praktik masyarakat, warisan budaya, dampak wisata religi, Sendang Siwani",
Analisis Pola Komunikasi Keluarga dalam Membentuk Perilaku Sosial Anak (Studi Kasus: Desa Pokoh Kelurahan Wonoboyo Kabupaten Wonogiri),"communication, communication patterns, children’s social behavior, Dusun
Pokoh",
Analisis Pembelajaran Berbasis Powerpoint dan Relevansinya Terhadap Keaktifan Siswa pada Mata Pelajaran Pendidikan Agama Buddha di SMP N 2 Donorojo,"PowerPoint, keaktifan siswa, media pembelajaran.",SMP N 2 Donorojo
Dampak Program Dharmaduta Bergerak Terhadap Religiusitas Umat Buddha di Kabupaten Wonogiri,"Dampak, Dharmaduta Bergerak, Religiusitas, Umat Buddha, Wonogiri",Kabupaten Wonogiri
Pengaruh Motivasi Wisatawan Terhadap Daya Tarik dalam Mengunjungi Objek Wisata Religi Kelenteng Sam Poo Khong Semarang,"Motivasi Wisatawan, Daya Tarik Wisata, Wisata Religi, Kelenteng
Sam Poo Kong",
Analisis Komunikasi Interpersonal dalam Lingkungan Toksik Mahasiswa STABN Raden Wijaya,"Komunikasi Interpersonal, Lingkungan Toksik, Mahasiswa, Action
Assembly Theory, STABN Raden Wijaya",STABN Raden Wijaya
Peran Political Branding Pasangan Calon Gubernur dan Wakil Gubernur Jawa Tengah Ahmad Luthfie dan Tajyasin Maimoen Melalui Media Sosial Terhadap Persepsi Generasi Z (Analisis Survei pada Mahasiswa Sekolah Tinggi Agama Buddha Negeri Raden Wijaya Wonogiri Jawa Tengah),"Generasi Z, Media Sosial, Political Branding",
Analisis Pesan Moral Film Animasi The Spongebob Squarepants Movie (2004): Semiotika Charles Sanders Peirce,"Pesan moral, The SpongeBob SquarePants, Charles Sanders Peirce",
"Analisis Kesulitan Belajar Mata Pelajaran Ilmu Pengetahuan Alam dan Sosial (IPAS) Siswa Kelas IV SD Negeri 01 Pokoh Kidul, Wonogiri","Kesulitan belajar, Jenis kesulitan belajar, IPAS, Faktor internal, Faktor
eksternal",
Analisis Faktor-Faktor yang Mempengaruhi Berpikir Kritis Siswa dalam Mata Pelajaran Matematika Kelas V di SD Negeri o1 Pokoh Kidul,"Berpikir kritis, Pembelajaran matematika, Siswa sekolah dasar, Indikator Ennis",SD Negeri o1 Pokoh Kidul
Transformasi Tradisi Sedekah Bumi dalam Pandangan Masyarakat Umat Buddha Desa Damarwulan,"Tradisi, Sedekah Bumi, Pandangan umat buddha, Ritual, Desa Damarwulan",
Dampak Pembangunan Masjid Raya Sheikh Zayed Solo Terhadap Ekonomi Masyarakat Sekitar,"Masjid Raya Sheikh Zayed, ekonomi lokal, masyarakat sekitar, wisata
religi.",
Partisipasi Masyarakat Lokal dalam Pengembangan Objek Wisata Candi Plaosan Sebagai Wisata Religi,"Partisipasi masyarakat, pengembangan wisata, Candi Plaosan, usaha
pemerintah.",
Partisipasi Masyarakat Dalam Pelestarian Candi Mendut Sebagai Objek Wisata di Desa Mendut Kecamatan Mungkid Magelang,"Candi Mendut, Objek Wisata, Pelestarian, Partisipasi Masyarakat",Desa Mendut Kecamatan Mungkid Magelang
Dampak Kompleks Kawasan Wisata Candi Prambanan dalam Kehidupan Sosial Ekonomi Masyarakat Desa Bokoharjo Kecamatan Prambanan Yogyakarta,"Dampak Pariwisata, Sosial Ekonomi, Candi Prambanan, Bokoharjo",
Kolaborasi Antar Stakeholders dalam Pengembangan Pariwisata Religi di Kompleks Candi Arjuna Kabupaten Banjarnegara,"Pariwisata, Kolaborasi, Ekonomi, Lingkungan, Pengembangan",
Strategi Pemasaran Wisata Candi Ratu Boko dalam Upaya Meningkatkan Kunjungan Wisatawan,"Strategi Pemasaran, Bauran Pemasaran 4P, Candi Ratu Boko",
Upaya Meningkatkan Hasil Belajar Siswa dengan Menggunakan Media Video Reels pada Mata Pelajaran Pendidikan Agama Buddha Kelas VIIII di SMP Negeri 1 Getasan,"Hasil belajar, Video reels, Pendidikan Agama Buddha, Moralitas, Kalyanamitta.",SMP Negeri 1 Getasan
Dampak Kuliah Kerja Nyata Kolaborasi Moderasi Beragama Terhadap Kerukunan Masyarakat Di Dusun Sodong Kabupaten Ponorogo,"KKN kolaborasi, kerukunan, moderasi, multikultur.",Dusun Sodong Kabupaten Ponorogo
Penerapan Media Kartu Tempel untuk Meningkatkan Keterampilan Membaca pada Siswa Kelas 1 SD (Penelitian Tindakan Kelas di SD N 3 Wonoboyo),"Keterampilan, membaca, media, kartu tempel, kelas I",SD N 3 Wonoboyo
Analisis Nilai Spiritual Pada Objek Wisata Religi Taman Doa Gua Maria Pereng,,
Persepsi Mahasiswa Terhadap Etika Komunikasi Akun Gosip @Lambe_Turah di Media Sosial Instagram (Kajian Pada Mahasiswa Prodi Ilmu Komunikasi Sekolah Tinggi Agama Buddha Negeri (STABN)Raden Wijaya Wonogiri,"Etika komunikasi, persepsi mahasiswa, media sosial, akun gosip, @lambe_turah",
Kontribusi Penyuluh Agama Buddha Dalam Program Pelayanan Masyarakat Buddha Di Kabupaten Wonogiri,"Kontribusi, Penyuluh Agama Buddha, Pelayanan Masyarakat",Kabupaten Wonogiri
Strategi Branding Komunikasi Melalui Media Sosial Dalam Membangun Customer Engagement (Analisis pada Akun Instagram @puan.bymonica),"Strategi Branding Komunikasi, Instagram, Customer Engagement, Butik Fashion.",
Peningkatan Promosi Wisata Religi Klenteng HOK TIK BIO Blora Melalui Pengembangan Website,"wisata religi, klenteng, promosi digital, website, Blora",
Problematika Kesantunan Bahasa Dalam Komunikasi Anak dan Orang Tua (Kajian Pragmatik Geoffrey Leech),"Kesantunan, Berbahasa, Komunikasi, Pragmatik.",
Pola Komunikasi Hubungan Jarak Jauh Antara Orang Tua dan Anak Generasi Z di Media Whatsapp,"Pola Komunikasi, Generasi Z, WhatsApp, Orang Tua, Hubungan
Jarak Jauh",
Tradisi Petik Laut dalam Perspektif Umat Buddha di Desa Pesanggaran Kabupaten Banyuwangi: Makna dan Relevansinya,"Tradisi Petik Laut, Agama Buddha, Banyuwangi",Desa Pesanggaran Kabupaten Banyuwangi: Makna dan Relevansinya
Analisis Penerapan Media Pembelajaran Flashcard Dalam Meningkatkan Hasil Belajar Matematika Siswa Kelas 1 SD Dharma Mulia Kabupaten Semarang,"flashcard, hasil belajar, matematika, media pembelajaran",SD Dharma Mulia Kabupaten Semarang
Pengembangan Media Pop Up Book Pada Mata Pelajaran IPAS KelasV di Sekolah Dasar Negeri 3 Wonoboyo,"Pop Up Book, IPAS, Warisan Budaya Indonesia.",
Strategi Guru dalam Menerapkan Karakter Disiplin dan Tanggung jawab Melalui Pembelajaran Ilmu Pengetahuan Alam dan Sosial (IPAS) Kelas V di Sekolah Dasar Negeri 1 Wonogiri,"Disiplin, Tanggungjawab, IPAS",
Ekonomi Buddhis Sebagai Fondasi Kesejahteraan: Tinjauan Literatur Terhadap Prinsip Kesederhanaan dan Etika,"Ekonomi Buddhis, kesederhaan, etika, kesejahteraan.",
"Makna Filosofi Tradisi Ruwahan Kampung Pancasila Pancasila Kalurahan Jatimulyo, Kapanewon Girimulyo Kabupaten Kulon Progo","Tradisi Ruwahan, Makna Filosofis, Kearifan Lokal, Buddhisme, Pelestarian Budaya, Penghormatan Leluhur, Masyarakat Majemuk.",
Nilai-Nilai Upacara Palguno dalam Ajaran Buddha Djawi Wisnu Terhadap Moral Umat Buddha Kabupaten Banyuwangi,"Upacara Palguno, Budha Djawi Wisnu, nilai-nilai moral, tradisi
Jawa, Banyuwangi.",
Analisis Model Pengelolaan Pariwisata pada Objek Wisata Prasasti Sendang Kamal Sebagai Upaya Pelestarian Cagar Budaya di Kabupaten Magetan,"Prasasti Sendang Kamal, Pengelolaan Pariwisata, Pokdarwis, Cagar
Budaya",Kabupaten Magetan
Penerapan Model Pembelajaran Interaktif Berbasis Game Ular Tangga dalam Meningkatkan Minat Belajar Siswa Beragama Buddha di SDN Giling 01 (Penelitian Tindakan Kelas),"Pembelajaran interaktif, game, ular tangga, minat, belajar.",SDN Giling 01 (Penelitian Tindakan Kelas
Peran Media Sosial dalam Melestarikan Seni Tari Jaran Kepang di Dusun Mranggen Desa Tempuran Kecamatan Kaloran Kabupaten Temanggung,"Media Sosial, Pelestarian Budaya, Seni Tari Jaran Kepang",Dusun Mranggen Desa Tempuran Kecamatan Kaloran Kabupaten Temanggung
Makna Spiritual dan Filosofis Chattra pada Stupa Utama Candi Borobudur Ditinjau dari Lalitavistara Sutra,"Chattra, Lalitavistara Sutra, Hermeneutika, Makna Spiritual, Makna
Filosofis.",
Analisis Kegiatan Sosial Keagamaan dalam Mendorong Keyakinan Umat Buddha di Dusun Krajan,"Kegiatan Sosial Keagamaan, Keyakinan, Spiritualitas, Solidaritas, Umat Buddha.",Dusun Krajan
Strategi Pemasaran Wisata Religi Situs Liyangan Sebagai Upaya Peningkatan Jumlah Kunjungan Wisatawan Di Kabupaten Temanggung,"Situs Liyangan, wisata religi, potensi wisata, strategi pemasaran, analisis SWOT",Kabupaten Temanggung
Strategi Komunikasi Persaudaraan Setia Hati Terate Dalam Meningkatkan Solidaritas Di Ranting Wonogiri,"Strategi Komunikasi, Solidaritas, Persaudaraan Setia Hati Terate",
Upaya Meningkatkan Penguasaan Kosakata Bahasa Inggris Melalui Penggunaan Media Kartu Gambar Pada Siswa Kelas 5 SDN 1 Wonogiri,"Kosakata, Bahasa Inggris, Kartu Gambar.",SDN 1 Wonogiri
Pengembangan Media Permainan Ular Tangga Berbantuan Flash Card Untuk Mengenal Kosakata Bahasa Inggris Siswa Kelas lll SD Negeri 3 Wonoboyo,"Pengembangan, Media Pembelajaran, Ular Tangga, Flashcard, Kosakata Bahasa Inggris.",SD Negeri 3 Wonoboyo
Pola Komunikasi Band Fstvlst Dalam Membawa Konsep Kesetaraan Gender,"Underground, Kesetaraan, Pola Komunikasi, Dara Setara",
Komunikasi Nonverbal Guru Terhadap Siswa Berkebutuhan Khusus Autis Di Sekolah Luar Biasa Abc Giri Wiyata Dharma Wonogiri,"Non Verbal, Guru, Siswa Autis, Interaksi.",
Dampak pola komunikasi interpersonal dalam keluarga bagi perkembangan anak usia 10-15 tahun di desa kunir,"pola komunikasi, perkembangan anak, komunikasi interpersonal, keluarga.",
Makna Spiritual Tradisi Tedak Sithen Dalam Ajaran Agama Buddha Pada Masyarakat Dusun Manguntosari Desa Kalimanggis,"Tedhak Siten, makna spiritual, agama buddha",
Efektivitas Media Puzzel Dalam Memfasilitasi Pembelajaran Membaca Awal Pada Siswa Kelas 2 Di Sd Negeri 7 Wonogiri,"media, puzzle, membaca awal, efektivitas pembelajaran",Sd Negeri 7 Wonogiri
Analisis Peran Guru Pendidikan Agama Buddha dalam Menanamkan Sila pada Siswa Kelas 5 di SD Negeri Giling 03 Kecamatan Gunung Wungkal Kabupaten Pati,"Peran, guru, Agama Buddha, Sila, Siswa.",SD Negeri Giling 03 Kecamatan Gunung Wungkal Kabupaten Pati
Hubungan Antara Kemampuan Berpikir Kritis Terhadap Hasil Belajar Bahasa Inggris Siswa (Studi pada Siswa Kelas IV SD Negeri 7 Wonogiri),"Kemampuan berpikir kritis, hasil belajar, Bahasa Inggris, siswa SD",
Strategi Duta Wisata dalam Mempromosikan Wisata Religi di Wonogiri,"Duta Wisata, Strategi Promosi, Wisata Religi, Wonogiri",
Representasi Jati Diri Tokoh Riley dalam Film Animasi Inside Out 2 (Analisis Semiotika Roland Barthes),"representasi, jati diri, semiotika Roland Barthes, film animasi, inside out 2",
Tradisi Meroah dalam Pandangan Agama Buddha (Studi Kasus di Dusun Lonang Kecamatan Gangga Kabupaten Lombok Utara),"Tradisi Meroah, Pandangan Agama Buddha.",Dusun Lonang Kecamatan Gangga Kabupaten Lombok Utara
Pengembangan Edugame Berbasis Quizizz pada Materi Organ Pernapasan Manusia untuk Siswa Kelas V Sekolah Dasar,"Edugame, Quizizz, Media Interaktif",
Penerapan Media Hologram 3d Pada Pembelajaran Bahasa Inggris Di Kelas 5 Sd Negeri 1 Wonogiri,"Hologram 3D, Pembelajaran, Bahasa Inggris, Kelas 5, Communicative Language Teaching (CLT)",Sd Negeri 1 Wonogiri
"Komparasi kemampuan komunikasi matematis siswa SD kelas IV yang menggunakan model pembelajaran think, talk,write (TTW) dan konvensional","Model Think, Talk, Write (TTW), Model Konvensional, Komunikasi
Matematis",
Analisis Fasilitas Untuk Menunjang Kualitas Pembelajaran Pada SD Negeri 1 Pelem,"Fasilitas menunjang, Kualitas Pembelajaran, SD Negeri 1 Pelem, Teknik purposive sampling",SD Negeri 1 Pelem
Analisis Kepercayaan Diri Gen Z Dalam Menggunakan Pola Komunikasi Interpersonal,"Komunikasi Interpersonal, Kepercayaan Diri, Gen Z, Kampus, Strategi
Komunikasi.",
Strategi Pengembangan Produk Obibelt Ecoprint Melalui Program Magang dan Studi Independen Lacorre,"Obibelt Ecoprint, PT Lacorre Loka Maya, Bill of landing atau airwaybill, Kain ecoprint",
Analisis Penggunaan Komunikasi Persuasif Pada Live Streaming Tiktok Shop Dan Dampaknya Terhadap Kepercayaan Konsumen Cv. Senusantara Sejahtera Group,"Komunikasi Persuasif, Live Streaming, Marketplace, Kepercayaan Konsumen",
Pengaruh Penggunaan Media Pembelajaran Powtoon Terhadap Minat Belajar Siswa Pada Mata Pelajaran IPAS di SDN 01 Wonoboyo,"Media, Pembelajaran, Powtoon, Minat, IPAS",SDN 01 Wonoboyo
Studi Etnografis Penggunaan Ornamen Arsitektur Buddhis Sebagai Media pembabaran Dhamma Oleh Pandita Magabudhi Di Vihara Buddha Guna Nusa Dua - Bali,"Ornamen Arsitektur Buddhis, Pembabaran Dhamma, Etnografi, Vihara Buddha Guna, Budaya Bali.",Vihara Buddha Guna Nusa Dua - Bali
Akulturasi Budaya Jawa dan Agama Buddha dalam Puja Bakti Buddha Jawi Wisnu (Studi Kasus di Dusun Kutorejo Desa Kalipait Tegaldimo Kabupaten Banyuwangi),"Akulturasi, Budaya, Agama Buddha,  Jawi Wisnu",Dusun Kutorejo Desa Kalipait Tegaldimo Kabupaten Banyuwangi
Pengaruh Beasiswa Bidikmisi dan Gaya Mengajar Dosen Terhadap Motivasi Belajar Mahasiswa Di Sekolah Tinggi Agama Buddha Negeri Raden Wijaya Wonogiri,"beasiswa bidikmisi, gaya mengajar dosen , motivasi belajar. Buddha",Sekolah Tinggi Agama Buddha Negeri Raden Wijaya Wonogiri
"Upaya Guru Pendidikan Agama Buddha Meningkatkan Hasil Belajar Siswa Dalam Pembelajaran Daring Pada Masa Pandemi Covid-19 Di SD Negeri 1 Kalimanggis Kecamatan Kaloran, Kabupaten Temanggung","Covid-19, Hasil Belajar, Pembelajaran Daring, Pendidikan Agama Buddha, Upaya Guru.","SD Negeri 1 Kalimanggis Kecamatan Kaloran, Kabupaten Temanggung"
Pengaruh pembelajaran daring (Online) selama pandemi Covid-19 terhadap minat belajar pada mata pelajaran pendidikan agama buddha di sekolah menengah atas (SMA) Negeri I Donorojo Kabupaten Jepara,"Pembelajaran Daring, Minat Belajar, Pendidikan Agama Buddha, Sekolah Menengah Atas (SMA)",
Analisis Pembelajaran Daring Terhadap Hasil Belajar Siswa Pada Mata Pelajaran Pendidikan Agama Buddha (Studi Kasus di SMA Bhakti Karya Kabupaten Temanggung),"Pembelajaran Daring, Faktor Penghambat, Hasil Belajar.",SMA Bhakti Karya Kabupaten Temanggung
Pengembangan Media 3 Dimensi (POP-UP) Pada Materi Patung Buddha untuk Siswa Kelas 1 Sekolah Dasar Di Kecamatan Kaloran Kabupaten Temanggung,"Pengembangan, POP-UP, Arca Buddha, Pendidikan Agama Buddha, Sekolah Dasar",Kecamatan Kaloran Kabupaten Temanggung
Pengaruh pembelajaran daring (Online) selama pandemi Covid-19 terhadap tingkat pemahaman peserta didik beragama buddha di sekolah menengah pertama (SMP) Kabupaten Semarang,"Pembelajaran Daring, Tingkat Pemahaman Peserta Didik, Beragama Buddha",
Upaya Peningkatan Prestasi Belajar Siswa Menggunakan Pembelajaran Inkuiri Terbimbing Pada Materi Berdana : Penelitian Tindakan Kelas di Sekolah Dasar (SD Negeri 01 Kalimanggis),"Prestasi belajar, Inkuiri Terbimbing, Berdana",
Kajian Folklor Tradisi Nyewu dalam Aspek Buddhis di Desa Hargorojo Kecamatan Bagelen Kabupaten Purworejo,"Tradisi Nyewu, Folklor , Buddhis",Desa Hargorojo Kecamatan Bagelen Kabupaten Purworejo
Pengaruh Pembelajaran Daring dan Peran Orang Tua Di Masa Pandemi Covid 19 Terhadap Motivasi Belajar Peserta Didik Beragama Buddha Di SMP Negeri 1 Gangga,"Pembelajaran Daring, Peran Orang Tua, Motivasi Belajar Peserta Didik",SMP Negeri 1 Gangga
Upaya peningkatan prestasi belajar siswa kelas VII dengan menggunakan model pembelajaran inkuiri terbimbing pada materi Pancadharma (Penelitian tindakan kelas di sekolah menengah pertama negeri (SMP N) 1 Keling Kelas VII),"Prestasi belajar, Model inkuiri terbimbing, Pancadharma",
Studi Deskriptif Kinerja Penyuluh Agama Buddha pada Masa Pandemi Covid-19 di Kapanewon Girimulyo Kabupaten Kulon Progo Daerah Istimewa Yogyakarta,"Kinerja, Penyuluh Agama Buddha , Pandemi Covid-19",
"Nilai-Nilai Buddhisme dalam Tradisi Wagean Masyarakat Majelis Nichiren Shoshu Buddha Dharma Indonesia (Kajian Studi Kasus Vihara Vimala Kirti Setoyo, Dusun Setoyo, Desa Hargorojo, Kecamatan Bagelen, Kabupaten Purworejo)","Tradisi Wagean, Nilai-Nilai Buddhisme, MNSBDI",
Pengembangan Multimedia Pembelajaran Interaktif Berbasis Animaker Pada Materi Fenomena Alam dan Kehidupan untuk Siswa Kelas X Sekolah Menengah Atas Di Kecamatan Kaloran Kabupaten Temanggung,"Multimedia Pembelajaran Interaktif, Animaker, Pendidikan Keagamaan Buddha.",Kecamatan Kaloran Kabupaten Temanggung
Pengaruh Kedisiplinan dan Minat Belajar Mahasiswa Terhadap Pembelajaran Daring di STABN Raden Wijaya,"Kedisiplinan, Minat Belajar, dan Pembelajaran Daring.",STABN Raden Wijaya
"Dampak Pembelajaran Daring di Masa Pandemi Covid-19 Pada Pemahaman Siswa Terhadap Mata Pelajaran Pendidikan Agama Buddha (Studi Kasus di SDN 2 Yosomulyo Kecamatan Gambiran, Kabupaten Banyuwangi)","Pembelajaran Daring, Pemahaman siswa.","SDN 2 Yosomulyo Kecamatan Gambiran, Kabupaten Banyuwangi"
Peran Patria dalam Memotivasi Umat Buddha Melalui Kegiatan Anjangsana di Vihara Buddha Metta Kampung Mranggen Kaloran Temanggung,"Patria, Motivasi, Anjangsana",Vihara Buddha Metta Kampung Mranggen Kaloran Temanggung
Fungsi Stupa Puja Luar Rumah Bagi Umat Buddha Dusun Lamuk Desa kalimanggis Kecamatan Kaloran Kabupaten Temanggung,"Fungsi , Stupa Puja, Umat Buddha",
Makna Tradisi Nyadran Punden Bagi Umat Buddha di Dusun Lamuk Desa Kalimanggis Kecamatan Kaloran Kabupaten Temanggung,"Bentuk, Fungsi, Makna, Tradisi Nyadran Punden",Dusun Lamuk Desa Kalimanggis Kecamatan Kaloran Kabupaten Temanggung
"Pola Komunikasi Pengurus Vihara dalam Mewujudkan Pusat Pelayanan Umat Buddha di masa Pandemi Covid-19 (studi kasus tunggal vihara vajra bumi padma kumara dusun semanding, candigaron, Sumowono Semarang)","Pola Komunikasi, Pengurus Vihara, Pusat Pelayanan Umat Buddha, Pandemi Covid-19",
Analisis Kemampuan Komunikasi Interpersonal Mahasiswa Program Studi Kepenyuluhan Buddha STABN Raden Wijaya Wonogiri Jawa Tengah,"Komunikasi Interpersonal, Kepenyuluhan, Buddha",STABN Raden Wijaya Wonogiri
Pengembangan Media Pembelajaran Berbasis Powtoon Kelas IX Pada Materi Sang Buddha Parinibana Di SMP Negeri 01 Cluwak,"Media Pembelajaran, Powtoon, Sang Buddha Parinibba.",SMP Negeri 01 Cluwak
Pembelajaran Daring Di Masa Pandemi Covid-19 Dalam Persepsi Siswa Dan Orang Tua Siswa Pada Mata Pelajaran Pendidikan Agama Buddha Di SMP Negeri 2 Sumowono Kabupaten Semarang,"Pembelajaran Daring, Persepsi siswa, Persepsi orangtua",SMP Negeri 2 Sumowono Kabupaten Semarang
Makna simbolik Tradisi Sedekah Bumi Di Desa Medani Kecamatan Cluwak Kabupaten Pati,"Makna simbolik, Tradisi, Sedekah Bumi",Desa Medani Kecamatan Cluwak Kabupaten Pati
Analisis telaah pembelajaran daring mata pelajaran pendidikan agama buddha di Sekolah Dasar Negeri 4 Wringinpitu Kecamatan Tegaldlimo Kabupaten Banyuwangi,"pembelajaran daring , telaah , pendidikan agama buddha",
Dampak Pembelajaran Online terhadap Kinerja Siswa di SMA Negeri 01 Donorojo Kabupaten Jepara,"pembelajaran daring, dampak terhadap kinerja siswa.",SMA Negeri 01 Donorojo Kabupaten Jepara
Makna Simbolik Upacara SOTOBA Majelis Nichiren Shoshu Buddha Dhamma Indonesia (Kajian Folklor),"Makna Simbolik, Ritual Sotoba, MNSBDI",
Pengaruh Kedisiplinan dan Burnout Pada Pembelajaran Daring Terhadap Prestasi Belajar siswa SMA dan SMK Beragama Buddha Di Jawa Tengah,"kedisiplinan, burnout, prestasi belajar.",SMA dan SMK Beragama Buddha
Pengembangan Evaluasi Pembelajaran Berbasis Aplikasi Quizizz Di Sekolah Minggu Buddha Kecamatan Girimulyo Kabupaten Kulon Progo,"Evaluasi pembelajaran, aplikasi Quizizz, Sekolah Minggu Buddha",
Pengaruh minat belajar terhadap prestasi belajar mahasiswa prodi pendidikan keagamaan buddha di STAB Negeri Raden Wijaya Wonogiri Jawa Tengah,"Minat belajar, Prestasi belajar mahasiswa, Pendidikan Keagamaan Buddha",STAB Negeri Raden Wijaya Wonogiri
Upaya Meningkatkan Prestasi Belajar Siswa agama Buddha Menggunakan Model Pembelajaran Kooperatif Tipe Numbered Heads Together Pada Materi Meditasi (Penelitian Tindakan Kelas),"Numbered Head Together (NHT), prestasi belajar, materi meditasi.",
Implementasi Teknik Komunikasi Penyuluh Agama Buddha dalam Menguatkan Nilai-Nilai Moderasi Beragama Di Kabupaten Banjarnegara,"Teknik Komunikasi, Penyuluh Agama Buddha,  Moderasi Beragama",Kabupaten Banjarnegara
Pengaruh Keterampilan Mengajar Guru dan Dukungan Orang Tua Terhadap Motivasi Belajar Siswa Sekolah Minggu Buddha (SMB) Dhamma Sasana Desa Karang Kabupaten Wonogiri,"Keterampilan Mengajar Guru, Dukungan Orang Tua, Motivasi Belajar, Sekolah Minggu Buddha",
Pengaruh Motivasi Belajar dan Pengawasan Orang Tua Terhadap Prestasi Belajar Siswa Pada Pembelajaran New Normal Mata Pelajaran Pendidikan Agama Buddha di Sekolah Menengah Pertama (SMP) Negeri 1 Cluwak Pati,"motivasi belajar, pengawasan orang tua, prestasi belaar siswa.",
Pengembangan Media Pembelajaran Berbasis Powtoon Pada Materi pengenalan Lambang-Lambang Agama Buddha Sekolah Minggu Buddha mahabodhicitta Di Dukuh Gumuk Kabupaten Boyolali,"Media Pembelajaran, Powtoon, Lambang-lambang Agama Buddha",
Pengaruh Model Pembelajaran Kooperatif Tipe Think Pair Share Terhadap Peningkatan Keaktifan dan Kerja Sama Siswa Sekolah Minggu Buddha (SMB) Pada Materi Jalan Utama Berunsur Delapan,"Model Pembelajaran Think Pair Share, Keaktifan, Kerja Sama,Sekolah Minggu Buddha",
Relevansi Makna Tradisi Slametan Kematian dan Upacara Sembahyang Kematian Pada Majelis Agama Buddha Nichiren Shoshu Buddha Dharma Indonesia,"Makna, Relevansi, Upacara Selametan, Upacara sembahyangan, MNSBDI",
Strategi Penyuluh Agama Buddha Dalam Mempertahankan Keberlangsungan Generasi Muda Buddhis Di Desa Jrahi Kecamatan Gunungwungkal Kabupaten Pati,"Strategi, Penyuluh Agama, Generasi Muda.",Desa Jrahi Kecamatan Gunungwungkal Kabupaten Pati
Pengembangan Media Pembelajaran Berbasis Audio Visual Pada Materi Dana (Research and Development Pada Siswa Beragama Buddha Kelas 5 di Kabupaten Pati),"media, audio, visual",Kabupaten Pati
Pengembangan Podcast Audio Sebagai Media Dhammadesana Era Digital Pada Umat Buddha Di Vihara Vimalakirti Desa Jogomulyo Kecamatan Buayan Kabupaten Kebumen,"Penelitian dan Pengembangan, Podcast Audio, Media, Dhammadesāna",Vihara Vimalakirti Desa Jogomulyo Kecamatan Buayan Kabupaten Kebumen
Makna Simbolik Pada Altar Klenteng AN HWA TIAN (Studi Kasus di kabupaten Kotabaru Kalimantan Selatan),"Makna Simbolik, Makna Semiotika, Altar, Klenteng",kabupaten Kotabaru Kalimantan Selatan
Penerapan Metode Inquiry Pada Mata Pelajaran Pendidikan Agama Buddha Materi Bija Niyama Di SMA Negeri 1 Girimulyo Kabupaten Kulon Progo,"Metode Inquiry, Pendidikan Agama Buddha, Bija Niyama",SMA Negeri 1 Girimulyo Kabupaten Kulon Progo
Penerapan E-Learning Berbasis Edmodo Pada Materi Empat Kebenaran Mulia Terhadap Minat Belajar Siswa Agama Buddha Kelas XI SMK Negeri 1 Cluwak Kabupaten Pati,"Edmodo, E-learning, Minat Belajar, Sekolah Minggu Buddha (SMB)",SMK Negeri 1 Cluwak Kabupaten Pati
Upaya Meningkatkan Hasil Belajar Siswa Melalui Penerapan Pendekatan Pembelajaran Kontekstual Pada Siswa Agama Buddha SMP Negeri 1 Mandiraja,"pembelajaran, pembelajaran kontekstual, hasil belajar",SMP Negeri 1 Mandiraja
Analisis Makna Kegiatan Pujawalian Sebagai Proses Sosialisasi Kehidupan Sosial Beragama Pada Umat Buddha Vihara Metta Mandala Kabupaten Banjarnegara,"Pujawalian, Sosialisasi, Sosial Beragama.",Vihara Metta Mandala Kabupaten Banjarnegara
Analisis Minat dan Motivasi Remaja Buddhis untuk Melakukan Puja Bakti Di Vihara Dhamma Panna dusun Krajan Desa Kalimanggis,"Minat,Motivasi,Remaja,PujaBakti.",Vihara Dhamma Panna dusun Krajan Desa Kalimanggis
Eksistensi Penyuluh Agama Buddha Dalam Mempertahankan Keyakinan Umat Buddha Di Lembah Keramat Kecamatan Toili Barat Kabupaten Banggai Sulawesi Tengah,"Eksistensi Penyuluh, Keyakinan umat Buddha.",
Efektivitas Penggunaan Aplikasi Google Classroom Terhadap Prestasi Belajar Mahasiswa Prodi PGSD & PKB STAB Raden Wijaya Wonogiri,"Pembelajaran Online, Efektivitas Aplikasi Google classroom, Prestasi Belajar.",STAB Raden Wijaya Wonogiri
Peran Guru dan Orang Tua dalam Membentuk Karakter Siswa Beragama Buddha Di SMP Negeri 4 Girimulyo Kabupaten Kulon Progo,"Peran Guru, Orang Tua, Karakter siswa",SMP Negeri 4 Girimulyo Kabupaten Kulon Progo
Makna Tradisi Wiwitan Dan Nilai-Nilai Ajaran Buddha Di Desa Giling Kecamatan Gunungwungkal Kabupaten Pati Jawa Tengah,"Makna Tradisi, Wiwitan, Nilai-nilai Agama Buddha",Desa Giling Kecamatan Gunungwungkal Kabupaten Pati
Makna Tradisi Paninian Masyarakat Adat Dayak Meratus dalam Pandangan Agama Buddha (Studi Kasus pada Masyarakat Desa Guntung Tarap Kecamatan Kelumpang Hulu Kabupaten Kotabaru Kalimantan Selatan),"Makna, Tradisi Paninian, Dayak Meratus, Agama Buddha",
